purchase_date,total_sales,total_sales_lower,total_sales_upper
2016-09-15,-173.5999214269068,-10024.39333994149,9920.166853858957
2016-10-03,3124.396683187342,-8160.6701313153635,13662.470604214837
2016-10-04,2621.111453561807,-8051.228755302368,12673.26435278319
2016-10-05,1850.3372689574637,-8748.497137553592,11883.219995604115
2016-10-06,1094.0332506972402,-9195.999282984432,11980.841481110303
2016-10-07,503.92472056595557,-10119.731002555223,11424.73483588158
2016-10-08,-4497.529826261761,-15268.03378897792,5794.257717982119
2016-10-09,-3578.3928582540657,-14265.575001043395,6099.1745844874995
2016-10-10,3546.94107388654,-7344.816484566387,14257.585082918205
2016-12-23,5151.913018353436,-5599.581537493647,14482.693641887477
2017-01-05,6587.110329898563,-4457.747234089524,16770.667899676144
2017-01-06,5997.00179976889,-4922.276365842666,16921.6326921614
2017-01-07,995.5472529400549,-9251.300309723782,12020.887338076567
2017-01-08,1914.6842209383117,-7722.89490034945,13306.418414101905
2017-01-09,9040.01815309332,-1037.774300062457,20724.19793180464
2017-01-10,8536.73292347277,-2876.890458773333,18355.856491775154
2017-01-11,7765.958738863598,-2638.3142782362784,17184.408929027297
2017-01-12,7009.65472060606,-3845.7409439904563,17058.02541885397
2017-01-13,6419.54619047224,-4356.811197199005,17562.306561482932
2017-01-14,1418.0916436410653,-9979.707691485719,13059.52185174923
2017-01-15,2337.228611653896,-7817.155934936917,13665.291438017151
2017-01-16,9462.562546794521,-1878.234116793816,20044.93633548094
2017-01-17,8959.277320176785,-591.4612404280932,19609.51497795722
2017-01-18,8188.503138567402,-2494.423176910022,18335.814195003404
2017-01-19,7432.199123309499,-3251.0238269208344,18893.63241428607
2017-01-20,6842.090596173651,-3718.729132409808,17782.240925880807
2017-01-21,1840.6360523512376,-8881.801765974773,12543.326874990784
2017-01-22,2759.7730233224843,-8848.30789307595,12676.960605935907
2017-01-23,9885.106958496359,-597.3121206340094,19771.649310686396
2017-01-24,9381.821731872544,-1455.8148997552355,19659.85106400054
2017-01-25,8611.04755026549,-1046.3727337898295,18523.37027325719
2017-01-26,7854.743535003315,-2298.772610821384,18831.921791932502
2017-01-27,7264.635007875755,-3547.430469150043,17925.86478906545
2017-01-28,2263.180464042249,-8429.038844578301,12245.600829612511
2017-01-29,3182.317435028068,-7206.647993272475,14113.210407985975
2017-01-30,10307.651370198198,-1237.2956958144248,20275.158751591927
2017-01-31,9804.366143569414,-1225.5076803838003,20382.764771567647
2017-02-01,9033.591961962726,-1425.699905404307,19468.081754649258
2017-02-02,8277.287946706147,-2006.9675569548676,18954.86411526505
2017-02-03,7687.179419569103,-2975.571375833972,18687.499623815922
2017-02-04,2685.7248765416834,-8507.723358373561,14175.16896499161
2017-02-05,3604.8618483340288,-7362.230216751554,14248.68800512608
2017-02-06,10730.195784295563,-270.8761032878326,20890.460263329554
2017-02-07,10226.910558480748,-100.41577946792056,20769.38809074175
2017-02-08,9456.136377676421,-540.2210536058606,19934.2108098817
2017-02-09,8699.832363217954,-1270.1849561820916,19406.016810661462
2017-02-10,8109.72383688151,-3090.490071626011,18184.394475185
2017-02-11,3108.2692938517503,-7593.873324223718,12938.054620476043
2017-02-12,4027.4062656477745,-5827.909117543445,13547.40789982645
2017-02-13,11152.74020161989,1006.0361503852889,21978.589560875047
2017-02-14,10649.454975795566,410.8458167604496,21548.056884088754
2017-02-15,9878.68079499072,-1434.20688115214,20161.509655678976
2017-02-16,9122.376780536164,-2084.2120013970625,19068.85471254308
2017-02-17,8532.268254207876,-1592.2396099842665,18446.854691562545
2017-02-18,3530.8137111738542,-6976.65756071242,12886.897340575973
2017-02-19,4449.950682972418,-5869.138208189971,15026.598753026297
2017-02-20,11575.28461893736,1231.694532907293,21871.322222222276
2017-02-21,11071.999393110385,839.0115476314622,21751.076074338274
2017-02-22,10301.225212309862,-104.34235564781333,21033.884844451644
2017-02-23,9544.92119784904,-1014.6943219349906,20294.828289879035
2017-02-24,8954.812671863587,-1540.051302648924,19264.04612318786
2017-02-25,3953.358129198674,-7033.04464561363,14535.178119871562
2017-02-26,4872.495101332449,-5914.452679477505,15137.890936000962
2017-02-27,11997.829037652285,968.4233181862861,22647.451024076327
2017-02-28,11494.543812173535,1585.9093431247938,21849.10584646869
2017-03-01,10723.76963171663,-248.07337789232986,21395.79971034361
2017-03-02,9967.465617603122,-934.2678416918051,20425.98900220619
2017-03-03,9377.357091620752,-1290.139343912265,19333.37548998502
2017-03-04,4375.902548953994,-7202.569718382094,13881.638852060245
2017-03-05,5295.039521085748,-5381.2050408040905,15489.65512048815
2017-03-06,12420.373457400096,1611.8810271290822,23690.197797367855
2017-03-07,11917.088231931473,1592.8305964603937,22342.03978656884
2017-03-08,11146.314051471905,213.0211680702343,21928.99556068895
2017-03-09,10390.010037364566,-70.33449385060804,20760.483222811254
2017-03-10,9799.901511372711,-1011.4182991906143,20797.6432770176
2017-03-11,4798.446968709948,-5925.211670436218,14657.797422968404
2017-03-12,5717.583940844874,-4682.77440595904,16295.74822945944
2017-03-13,12842.917877157117,2356.8714531453797,24282.98886922179
2017-03-14,12339.632651686956,1591.774597278384,23314.348573586343
2017-03-15,11568.858469631079,961.4763620031536,21557.417506361056
2017-03-16,10812.554453924788,-326.23351463005594,21042.477094990427
2017-03-17,10222.445926350323,-277.62738796669487,21053.280400956275
2017-03-18,5220.991382080856,-5305.378390902,15037.461339996507
2017-03-19,6140.128352623487,-3734.9671262717934,17641.67813171482
2017-03-20,13265.462287344373,2441.8864811694266,23774.93582761459
2017-03-21,12762.177060272177,2234.676180128236,23972.27698283484
2017-03-22,11991.40287821705,1495.6008626705977,22429.75666130252
2017-03-23,11235.098862509829,930.3543395727979,22424.580262770236
2017-03-24,10644.990334933109,369.56796116185416,20999.98874010272
2017-03-25,5643.535790657758,-4707.644106495222,15926.757937187236
2017-03-26,6562.672761209893,-4071.5806547749244,17206.781159836977
2017-03-27,13688.006695919463,3030.153496729751,24338.546828351562
2017-03-28,13184.721468854936,2587.007094822243,24052.91448050697
2017-03-29,12413.947286799603,1674.7316370351512,23384.120820808457
2017-03-30,11657.643271094867,802.3461785031591,22338.169367640727
2017-03-31,11067.534743512348,1179.035436470506,21865.41935080525
2017-04-01,6066.08019925239,-5638.396925944142,15668.682144068416
2017-04-02,6985.217169790467,-3620.2624647185544,17822.86034824301
2017-04-03,14110.55110450719,3451.045145461672,24801.42180900742
2017-04-04,13607.265882406733,3448.5795713132397,24641.1207138919
2017-04-05,12836.49170532388,2456.1073775571385,22988.106805766743
2017-04-06,12080.187694590357,1461.7124196161806,23081.553173838656
2017-04-07,11490.079171980939,423.5089449046941,21491.014646866683
2017-04-08,6488.624632680033,-3747.7999863739374,16946.5934178287
2017-04-09,7407.761608197767,-3262.219380370828,17370.09060244834
2017-04-10,14533.095547876752,4418.773040054568,24363.135848067905
2017-04-11,14029.810325779425,3033.524125621331,25757.03375749662
2017-04-12,13259.036148698047,3794.7522535309486,24288.946185118828
2017-04-13,12502.732137961106,2580.4079930287558,23487.901064876678
2017-04-14,11912.623615356424,757.3489273564508,22764.381446938874
2017-04-15,6911.169076053677,-3407.944963406352,18092.255769083524
2017-04-16,7830.306051580286,-2501.8820068496602,18537.607820405145
2017-04-17,14955.63999124631,4314.986700446653,25279.70538660308
2017-04-18,14452.3547691568,3707.9812012196885,24621.979163619108
2017-04-19,13681.580592073067,2817.7867648563756,24257.775973847747
2017-04-20,12925.276581339214,2395.920684461638,23721.60509027975
2017-04-21,12335.16805873191,1731.1988881783907,22567.78029916685
2017-04-22,7333.713519427321,-3326.959289152882,17805.372059739242
2017-04-23,8252.850492194528,-1896.967182453972,18975.5218813259
2017-04-24,15378.184429130599,5047.2588952687265,25281.940879326707
2017-04-25,14874.899204288879,4685.262444917163,25954.29400666538
2017-04-26,14104.125024457699,3182.8816865361323,24538.336487928602
2017-04-27,13347.82101097541,2969.710628832513,23891.47943707285
2017-04-28,12757.712485627499,2212.5387887301376,22907.6580166822
2017-04-29,7756.257943576605,-2924.179102111826,18213.300210411813
2017-04-30,8675.394916346353,-1660.7474874160998,18964.097844563268
2017-05-01,15800.728853278679,5441.628778926561,26345.762534514564
2017-05-02,15297.443628431993,4930.609917611245,26224.864462550442
2017-05-03,14526.669448600604,3443.4053015733143,25063.274552178133
2017-05-04,13770.365435122829,3373.464987308219,24224.472063536476
2017-05-05,13180.256909767086,3191.3359544455075,23442.947421384975
2017-05-06,8178.80236771386,-2597.9410652816805,18379.547143019594
2017-05-07,9097.939340477145,-534.2795478710805,19288.661651119313
2017-05-08,16223.27327742333,5486.4545366796565,27136.297296310055
2017-05-09,15719.988052578674,5208.963259088589,26436.094373151667
2017-05-10,14949.213872745506,4498.1419889877825,25087.931267843705
2017-05-11,14192.909859264542,3883.7948472692897,24137.661075212058
2017-05-12,13602.801333906677,3028.6346766296438,24356.95974915213
2017-05-13,8601.346802645003,-3266.953711393998,19124.858961406928
2017-05-14,9520.483786205865,-1908.6680762397846,19903.904043645976
2017-05-15,16645.817733947308,6239.139169923811,27161.011096966402
2017-05-16,16142.532519896253,5643.936086021596,26672.711361524496
2017-05-17,15371.758350859307,4661.6491419253825,25853.464734540044
2017-05-18,14615.454348173304,3441.7026945735875,24931.03364045879
2017-05-19,14025.345833608731,3217.280910249011,24788.96420286549
2017-05-20,9023.89130235155,-1263.3985287774376,19386.7352792694
2017-05-21,9943.028285909884,14.066808949185818,19328.469928614028
2017-05-22,17068.362233649223,6891.645095553688,27616.012322978408
2017-05-23,16565.07701959552,5367.141337132777,26927.177763616717
2017-05-24,15794.302850560047,4643.28564010179,26222.292740201658
2017-05-25,15037.998847870624,4549.732559178672,26221.019420656503
2017-05-26,14447.890333309137,3408.8403314148504,24740.682099404854
2017-05-27,9446.435802051768,-405.4438967261226,20031.820315333407
2017-05-28,10365.572785613906,389.59320819429047,20528.770054953253
2017-05-29,17490.906733354568,6885.093472921494,28007.89808428257
2017-05-30,16987.62151929589,6906.990037297993,27307.126360993112
2017-05-31,16216.847350263635,5753.048366012218,26966.73383115853
2017-06-01,15460.670825944506,5343.736811472029,26371.039573004946
2017-06-02,14870.689789753646,4139.527492553596,25088.092853815808
2017-06-03,9869.362736877694,-682.9681271777197,20000.55923692102
2017-06-04,10788.62719880283,230.05733948089534,21347.965430571392
2017-06-05,17914.0886249034,8014.651889952957,28590.02144072526
2017-06-06,17410.93088922608,7130.302430626651,27827.721028623557
2017-06-07,16640.28419856096,5997.597940716843,27155.952430954643
2017-06-08,15884.107674245743,5534.548654228398,26804.986317830135
2017-06-09,15294.12663804908,5726.222805787317,25797.96322978602
2017-06-10,10292.799585177121,-328.72420058676244,21069.28442987023
2017-06-11,11212.064047099602,1153.2949723363242,22138.332859314185
2017-06-12,18337.525473207323,8379.178811659489,28699.404285284007
2017-06-13,17834.36773752504,7617.498145155966,28525.398060441275
2017-06-14,17063.72104686113,6090.078233662418,27014.993124871195
2017-06-15,16307.544522546981,5498.357090545173,27663.968985666164
2017-06-16,15717.563486358475,5313.250699656899,25766.211184022977
2017-06-17,10716.236433475919,71.35636214667446,21480.648233701446
2017-06-18,11635.500895397137,1101.8124058828557,22177.045695792032
2017-06-19,18760.962321511248,8456.42448820089,29515.01684538734
2017-06-20,18257.804585826452,7686.55420630974,28710.68047693975
2017-06-21,17487.410380458547,6728.270290780758,27648.17871920127
2017-06-22,16731.48634143337,6158.091893619482,26847.217254602125
2017-06-23,16141.757790539643,5669.066536860568,26815.63736851079
2017-06-24,11140.683222949992,348.13160053777375,21061.48397626533
2017-06-25,12060.200170181031,968.0883199278642,23138.888319897447
2017-06-26,19185.91408158664,9267.488959932662,29514.173085232585
2017-06-27,18683.00883119681,8181.269345861284,29116.487333772806
2017-06-28,17912.61462582401,6596.645712333339,28303.74269057761
2017-06-29,17156.690586805005,6666.00670085095,27227.3899510334
2017-06-30,16566.962035901794,6453.267950695776,27116.81411136455
2017-07-01,11565.887468321209,989.8004656146232,21713.986594566217
2017-07-02,12485.404415544523,1335.2352971856074,23080.926943640407
2017-07-03,19611.118326944645,8966.73085578188,29865.89392831877
2017-07-04,19108.21307656137,8997.851675827947,29794.84982666806
2017-07-05,18337.818871190906,7115.420391851534,28564.004103381685
2017-07-06,17581.89483216928,6726.008123710993,28517.230441142256
2017-07-07,16992.16628127625,6219.95756232912,27703.718942404288
2017-07-08,11991.091713687354,1962.1781379039849,22699.21963034287
2017-07-09,12910.608660913846,2267.2861800724213,23206.489061013704
2017-07-10,20038.000884852863,9634.051884205055,29894.241144490366
2017-07-11,19536.773946994228,9486.843200145608,30694.901708436584
2017-07-12,18768.05805415739,7957.464378228389,28527.126456550483
2017-07-13,18013.81232766849,7529.360182853906,28862.936450480254
2017-07-14,17425.762089314343,6421.142245474576,27634.5761147896
2017-07-15,12426.365834257747,2427.4690045821185,23453.107736920432
2017-07-16,13347.561094027249,2630.4628213872593,23228.69645169944
2017-07-17,20474.953317949887,10097.153128246171,31551.247595521992
2017-07-18,19973.726380102493,9559.315734893098,30817.130702967646
2017-07-19,19205.0104872653,8812.85343372174,29968.706581681
2017-07-20,18450.76476077546,7516.329836686684,29733.39704512882
2017-07-21,17862.714522415517,7788.044376132544,28224.85501294874
2017-07-22,12863.318267362281,2225.7505263021785,23742.837130556156
2017-07-23,13784.51352713053,2593.32052519417,23873.802303239478
2017-07-24,20911.90575105376,11024.507223372986,32243.583133940716
2017-07-25,20410.678813207192,10245.799211163154,30309.27783252594
2017-07-26,19641.962920369784,9336.506191822866,30115.425941929436
2017-07-27,18887.717193878758,9089.411512613513,30329.197555208288
2017-07-28,18299.666955521894,8052.895081963521,28420.819324095773
2017-07-29,13300.270700473147,2291.7842443348295,23727.438187466356
2017-07-30,14221.539373874792,3403.666917718926,24291.700063620512
2017-07-31,21349.00501144351,10448.073388045997,31215.70563137175
2017-08-01,20847.851487236043,10360.156731198917,30945.67513002689
2017-08-02,20079.209008041304,8936.76066003877,30243.45210521723
2017-08-03,19325.03669519857,8641.823697401422,29402.11924650462
2017-08-04,18737.05987047716,7132.007640288577,28515.827777635957
2017-08-05,13737.73702906428,3284.7953436440916,23906.977448596936
2017-08-06,14659.005702475431,4254.050834289114,25342.388418669074
2017-08-07,21786.47134004204,10404.763208804694,32265.450930599334
2017-08-08,21285.31781583304,10828.17596822056,31644.68404050372
2017-08-09,20516.675336640084,10940.532041080893,31551.979995210335
2017-08-10,19762.503023794165,9638.934832984922,30772.585775379517
2017-08-11,19174.526199075834,9511.118405437866,29781.388803348582
2017-08-12,14175.203357661117,3378.8983676478683,24172.611831888607
2017-08-13,15096.472031076075,4784.6970715392545,26155.824884479785
2017-08-14,22223.937668638227,11884.625719600735,32681.129813505067
2017-08-15,21722.784144432495,11073.015987648378,32176.63438620482
2017-08-16,20954.141665238298,10750.257571413942,31702.41407981104
2017-08-17,20199.969352393444,9757.823300248932,30765.248917961995
2017-08-18,19612.37999313061,9438.060460196344,29819.51807288728
2017-08-19,14613.444617164449,4220.95728432644,25598.09092326703
2017-08-20,15535.100756023212,4884.0617364485015,24955.901265585024
2017-08-21,22662.95385906114,12416.920452492568,33448.213201489554
2017-08-22,22162.18780030997,11028.917637611497,33146.91714666555
2017-08-23,21393.932786571662,10818.918414220056,31680.431158956424
2017-08-24,20640.147939181705,10167.3819087029,30827.171849298556
2017-08-25,20052.5585799203,9971.465268129457,30491.245166665754
2017-08-26,15053.623203965988,5655.923586311709,25804.48302921317
2017-08-27,15975.27934281652,5041.8123211094135,26503.929631097883
2017-08-28,23103.13244585578,12952.506219641395,33670.34775424516
2017-08-29,22602.366387099635,12005.460465493743,32797.5106820092
2017-08-30,21834.111373362546,10775.843488088722,32949.24498098906
2017-08-31,21080.326525972,10322.004966468094,32208.236193707675
2017-09-01,20492.737166711653,9750.911602165153,31532.32366907244
2017-09-02,15493.801790749789,5163.2778026656715,25692.523356404152
2017-09-03,16415.45792960983,6035.326958851142,26340.062297350472
2017-09-04,23543.31103264698,12822.540593142705,33812.6879360117
2017-09-05,23042.54497389176,12149.363538556056,33903.929157743914
2017-09-06,22274.289960153143,11862.597323545724,33373.602291250594
2017-09-07,21520.505114863652,11080.567418307164,31744.077489759587
2017-09-08,20932.915757697214,10582.639660219224,31536.257577077526
2017-09-09,15933.98038383272,5732.068245649306,26273.33262326658
2017-09-10,16855.63652479615,6391.650557119099,27523.496012631676
2017-09-11,23983.48962993095,12525.741348862277,33427.05784405854
2017-09-12,23482.723573279687,13689.57590612502,34045.02916073219
2017-09-13,22714.468561641996,12313.583063643504,33917.90124509507
2017-09-14,21960.68371635357,11535.35147636939,31617.760095277932
2017-09-15,21373.094359186533,10582.313531290047,32032.12748072229
2017-09-16,16374.158985338565,5728.896940499189,27549.436943607405
2017-09-17,17295.815126282363,7708.306558532295,27830.913654719232
2017-09-18,24423.66823142355,13292.605427661669,34921.57663302605
2017-09-19,23922.90217476621,12768.619711554995,35183.85635574132
2017-09-20,23154.647163129426,12990.151401465526,34604.736247397974
2017-09-21,22400.862317838146,11508.803459432727,33186.749106130104
2017-09-22,21813.272960679395,11733.583101007429,32497.841102843242
2017-09-23,16814.33758682034,6365.022879521752,28005.644054618348
2017-09-24,17735.993727778718,6955.951917702673,28385.250108471773
2017-09-25,24863.84683291615,14257.660598298446,35557.02535078073
2017-09-26,24363.080787858155,13597.136855790199,35222.648245735385
2017-09-27,23594.82578782889,13970.235450871962,34133.78804871155
2017-09-28,22841.04095414467,12117.74920402723,33605.05751273227
2017-09-29,22253.45160858074,11228.283341331162,32552.376994914168
2017-09-30,17254.516246335053,6962.535306166875,27995.83782065699
2017-10-01,18176.172398895847,7679.346347135168,28779.269934850872
2017-10-02,25304.025515626283,15400.800882314546,35402.20666264751
2017-10-03,24803.259470583085,14948.243358757862,35217.2462427817
2017-10-04,24035.0044705479,12737.01415458571,34210.9921006681
2017-10-05,23281.219636861068,12252.787036029296,33724.990480443055
2017-10-06,22693.63029129502,12596.420011801658,32834.79491705803
2017-10-07,17694.694929053316,6855.011916791713,28640.179279961965
2017-10-08,18616.351081611454,8778.056200873387,29475.86855633562
2017-10-09,25744.20419835247,15307.382782168259,36382.122726909794
2017-10-10,25243.438153299772,14436.41463295377,35215.6085746702
2017-10-11,24475.18315326406,13825.886053644259,35564.823021624085
2017-10-12,23721.398319581138,12615.874353311832,34257.346865206324
2017-10-13,23133.80897402325,12185.308068974784,33545.519818865396
2017-10-14,18134.87361177096,7483.103265667395,28979.626548536773
2017-10-15,19056.52976433796,8503.220547274297,29209.10978795784
2017-10-16,26184.382873528593,15754.454677031987,36403.883932372075
2017-10-17,25683.616820930045,15583.943479681759,36062.361018985335
2017-10-18,24915.36181335546,14240.444004814844,34883.47420131818
2017-10-19,24161.576972123064,13232.859874074413,35045.51792244503
2017-10-20,23573.987619025058,12851.234338210934,34179.77398664587
2017-10-21,18575.052249229375,7998.361857990254,28655.841415405135
2017-10-22,19496.70839425192,9160.129193664816,30144.828378417333
2017-10-23,26624.56150344894,16694.90497796516,37172.73105194195
2017-10-24,26123.795450850102,14766.647594583867,36630.19657840201
2017-10-25,25355.54044327063,14294.48725844442,35902.118305272845
2017-10-26,24601.755602037047,14724.761708440468,34851.20719151406
2017-10-27,24014.166248942114,14013.592905757609,34932.08329462954
2017-10-28,19015.23087914459,8391.867847466188,29760.43097050073
2017-10-29,19936.88702416511,9569.927734220752,30249.671772969552
2017-10-30,27064.740133350864,16423.612919609994,38017.230198120014
2017-10-31,26563.97408076437,16114.795495600287,37328.28916319191
2017-11-01,25795.7190731858,14625.781178869614,35613.449915663856
2017-11-02,25041.934231958385,14184.120586970725,35377.48715856327
2017-11-03,24454.344878857522,13178.075945502998,35076.77717859037
2017-11-04,19455.409504329058,8932.242464090366,30005.14233906107
2017-11-05,20377.06564462138,9719.18690033878,30998.384856411307
2017-11-06,27504.918749077086,16879.39099336575,37981.207734587544
2017-11-07,27004.15269175425,16624.756483108493,37411.9047419634
2017-11-08,26235.897679444097,14881.85437555055,36288.04616239646
2017-11-09,25482.112833482457,14545.019492974108,35874.88333906278
2017-11-10,24894.523475654954,14083.37856895053,35445.507689900485
2017-11-11,19895.58810112466,9509.357927452256,29790.737365533194
2017-11-12,20817.24424142078,10328.74150900904,31100.149433531205
2017-11-13,27945.097345877806,16705.061228263494,38122.29763683739
2017-11-14,27444.331288552465,15996.593686046204,38904.34332481336
2017-11-15,26676.076276243068,15527.05933366621,37854.0856998058
2017-11-16,25922.29143028252,16191.557490571075,35894.20350691752
2017-11-17,25334.702072447188,14484.337928800906,35917.48829312499
2017-11-18,20335.766697914558,9429.513755053853,30796.048703565597
2017-11-19,21257.422838220187,9864.27039810085,32166.63240741152
2017-11-20,28385.275942669316,17376.12977693006,39012.65814830034
2017-11-21,27884.50988534822,16560.185453488328,38849.648081339416
2017-11-22,27116.25487303862,16179.268224149842,38230.19703498617
2017-11-23,26362.47002707688,15866.041955896595,36226.95280983024
2017-11-24,25764.989425324868,15449.339710816135,36208.41282595915
2017-11-25,20756.16280689307,10294.048753721301,32217.639103083933
2017-11-26,21667.927703270085,10855.54289468911,32525.046945836206
2017-11-27,28785.889563808385,17748.366854669363,39590.69812690729
2017-11-28,28275.232262570076,16918.421850087267,38885.84869552033
2017-11-29,27497.08600634824,17322.866280622606,38198.32087233617
2017-11-30,26733.40991647136,16937.90344096016,37671.97474841231
2017-12-01,26135.929314723955,15657.006585735811,37028.90887648197
2017-12-02,21127.102696281057,10326.342399692963,31429.69449396705
2017-12-03,22038.867592651615,11323.959632714836,31992.54746244867
2017-12-04,29156.829453203773,18142.09452801093,39673.66669078889
2017-12-05,28646.172151962815,18343.123154528017,38806.36268129793
2017-12-06,27868.025895742456,17226.205856678116,38303.26789611775
2017-12-07,27104.34980586748,16585.61946349471,38039.24828935652
2017-12-08,26506.869204119484,14624.296872090435,37272.018904979435
2017-12-09,21498.042585674746,10395.590224242944,31840.335959699813
2017-12-10,22409.807482054173,12018.208834767363,33144.4047595446
2017-12-11,29527.769342593372,18495.3263612125,40193.92416305411
2017-12-12,29017.112041360237,18780.950862029604,39680.01411471216
2017-12-13,28237.34590452846,17243.96276086339,38619.349271153
2017-12-14,27472.049934044346,16825.233919893624,38478.92847104917
2017-12-15,26872.94945168611,16066.208592043293,37645.72138455497
2017-12-16,21862.5029526299,12062.07014778617,32944.52030913799
2017-12-17,22772.647968387533,12765.708641293148,32864.25791702943
2017-12-18,29888.98994833438,19585.770544359573,40393.80657186176
2017-12-19,29376.712766486635,19342.857613674627,39501.162154923535
2017-12-20,28596.946629654656,18253.38196372913,39863.29052301451
2017-12-21,27831.65065916935,17208.43668755782,38200.17115325859
2017-12-22,27232.550176817746,16126.507938275006,37973.54096024551
2017-12-23,22222.10367776247,11562.024759052234,32325.082096142967
2017-12-24,23132.248693522648,13043.895919785113,33379.69445870777
2017-12-25,30248.590673465755,20343.17104107579,40809.14328530382
2017-12-26,29736.313491613037,18881.08375479397,39809.1387720951
2017-12-27,28956.547354784267,18877.17583117614,39029.88284963992
2017-12-28,28191.25138430006,17820.393590934047,38960.271395336466
2017-12-29,27592.150901940626,17160.95097019105,38654.67497434216
2017-12-30,22581.704402895044,11728.292074855693,33164.41440767509
2017-12-31,23491.849418652695,13196.845198315154,35189.32635311102
2018-01-01,30608.19139859369,20577.97447495734,41601.02859832584
2018-01-02,30095.91418260914,19909.72809160714,40668.29241178439
2018-01-03,29316.14801164272,19332.177980147146,39219.20662346198
2018-01-04,28550.852007023444,17529.46573700437,38816.64507635015
2018-01-05,27951.75149052802,18173.45094066481,38284.01731685682
2018-01-06,22941.30495735193,12094.52612149729,33241.032444783385
2018-01-07,23851.44993897368,12986.352159680539,35184.21040342384
2018-01-08,30967.79188478218,21364.646320658532,41504.324513410844
2018-01-09,30455.51466879733,20176.673787540658,40954.00026200402
2018-01-10,29675.748497831817,19624.761245148515,40090.12521742725
2018-01-11,28910.452493215023,17676.550574670026,39093.521896472936
2018-01-12,28311.351976719005,17551.012566133897,38871.68061378873
2018-01-13,23300.905443541702,13253.708580463739,34125.822257793436
2018-01-14,24211.05042516663,13254.321327694044,34907.91971334592
2018-01-15,31327.39237097302,20349.8072031149,41605.49388850239
2018-01-16,30815.115154989093,20024.667432365102,41750.300672431506
2018-01-17,30035.34898402091,18764.257772221965,39636.18566904124
2018-01-18,29270.052979401273,18172.493846770856,40434.449959987876
2018-01-19,28670.952462908328,18832.477836212278,39151.96059027925
2018-01-20,23660.50592973654,13222.165898012901,33548.1428623517
2018-01-21,24568.346135887907,13756.839755777828,35245.027785162885
2018-01-22,31682.38330622395,21251.97057549092,42946.37325818358
2018-01-23,31167.801314768065,20941.009967492733,41353.33087637647
2018-01-24,30385.73036832675,19639.158767452125,40104.80625599816
2018-01-25,29618.12958823451,18878.747471590556,39610.429396655345
2018-01-26,29016.72429627806,17794.56947629185,40222.79342686035
2018-01-27,24003.972987618297,13161.487783243561,34814.720059964886
2018-01-28,24911.81319377917,14448.523043808762,35538.807240799884
2018-01-29,32025.8503641039,21522.27125825818,42623.00754233022
2018-01-30,31511.268372654573,20474.196025568912,41656.594965701115
2018-01-31,30729.197426212733,19643.64145320411,41763.34306151517
2018-02-01,29961.59664612441,19513.359883666006,40732.67718548699
2018-02-02,29360.191354156945,18809.943264945916,40030.16383846127
2018-02-03,24347.44004550639,14023.425531236755,34887.15541191539
2018-02-04,25255.2802516646,14643.738104799284,35394.87142724389
2018-02-05,32369.31742199648,22110.765032823732,42535.88623393343
2018-02-06,31854.735430542194,21587.954660336592,42392.470094789816
2018-02-07,31072.664484101573,19846.232010715266,41512.64838244997
2018-02-08,30305.06370401431,20116.487870993078,40671.987447843734
2018-02-09,29703.658412055007,19104.329256505553,40853.70778887254
2018-02-10,24684.20910668796,13448.66651150567,34842.2352906247
2018-02-11,25585.351316139022,14117.772133615375,35499.94343265199
2018-02-12,32692.690489765613,21857.88727827512,42987.56742322507
2018-02-13,32171.410501604023,22172.800936955962,42780.81935536654
2018-02-14,31382.64155846295,20857.454507289698,41847.40896276309
2018-02-15,30608.342781663534,19831.124287801726,41221.53597039092
2018-02-16,30000.23949299786,19319.11716675697,40609.64309287169
2018-02-17,24980.790187628485,14027.616458842142,35391.158279909796
2018-02-18,25881.932397094122,15132.126532490009,35740.905946654806
2018-02-19,32989.27157070776,22088.00951810476,43609.0734497143
2018-02-20,32467.99158255509,22089.53743070364,43103.11673035134
2018-02-21,31679.222639409127,21343.67240479915,41909.750211512786
2018-02-22,30904.92386261587,20088.199128102606,40870.096378261675
2018-02-23,30296.82057394073,19509.516236180847,41137.36101065033
2018-02-24,25277.37126858041,15178.167668093793,36109.14985706223
2018-02-25,26178.51347803832,15417.338537948553,37107.46820356034
2018-02-26,33285.852651655674,22917.894432059013,44633.81286848852
2018-02-27,32764.572663500363,21410.631772559373,43280.42369389325
2018-02-28,31975.803720356726,21437.3421461876,43154.01614042141
2018-03-01,31185.41230350585,20825.975542176388,41754.10290099653
2018-03-02,30561.216374785643,20514.806324952457,41301.68798877916
2018-03-03,25525.67442936721,14387.557800250424,36449.64403339208
2018-03-04,26410.723998774938,15956.776473840313,37095.7632362466
2018-03-05,33501.97053234027,22913.52851117208,43786.0023616919
2018-03-06,32964.59790412553,22524.26447804597,43593.56498945523
2018-03-07,32159.736320928016,22272.491196583258,42972.01960689336
2018-03-08,31369.34490408307,21211.152542334497,42345.55325808274
2018-03-09,30745.148975360244,19983.90884157385,41370.88146003018
2018-03-10,25709.60702993997,15571.035427291952,36211.2462333671
2018-03-11,26594.65659934061,15475.721228284916,37591.866277410074
2018-03-12,33685.903132914726,22705.89993236747,44669.70036632687
2018-03-13,33148.530504702016,22683.630512362877,43301.72459665272
2018-03-14,32343.668921504148,21163.142930905757,43227.425255092705
2018-03-15,31553.277504654594,21137.76312031212,42004.364209357496
2018-03-16,30929.08157592964,20560.538815682008,41093.60979514989
2018-03-17,25893.53963051273,15526.309322187739,37397.58338142816
2018-03-18,26778.58919990121,16454.104545763043,37107.49526953986
2018-03-19,33869.83573348683,23054.816288759157,44002.73606360679
2018-03-20,33332.46310527493,22962.590767877227,43348.63727270254
2018-03-21,32509.56249762816,22574.151163843675,43390.36663870776
2018-03-22,31701.132056328723,21061.1346298249,42198.606275721286
2018-03-23,31058.89710315815,19870.760301998376,41040.95426736077
2018-03-24,26005.316133297034,14669.802889306684,36558.62133586247
2018-03-25,26872.326678239355,16965.20830641175,37813.24588041999
2018-03-26,33945.534187369114,23841.556983662304,44172.728106294795
2018-03-27,33390.12253470587,23602.376290786757,44514.88062616134
2018-03-28,32567.221927062,21561.318260168064,42574.935162928
2018-03-29,31758.791485765076,21788.808706298387,42385.167838897854
2018-03-30,31116.556532590228,20772.46119808492,42270.13897006196
2018-03-31,26062.975562723223,15299.353604022968,37060.40126663877
2018-04-01,26929.98610767505,16982.143408150194,37977.84560754855
2018-04-02,34003.193616802695,23493.18886172046,44741.653104415964
2018-04-03,33447.78196413792,22342.65703915311,43813.84554234697
2018-04-04,32624.881356495836,21567.612839834164,43281.91627068706
2018-04-05,31816.450915195725,21697.98406687676,41949.622320874936
2018-04-06,31174.215962023958,20446.754763436238,42173.599186461324
2018-04-07,26120.634992155112,16123.062663136918,36312.216950857946
2018-04-08,26987.645537115808,16953.48246046728,38052.06251564081
2018-04-09,34043.25800780229,23015.48605769126,44342.26262153603
2018-04-10,33470.25131670914,22375.224981178355,43739.18531217032
2018-04-11,32629.755670632752,22769.10943655781,43554.65823860891
2018-04-12,31803.730190903483,21033.213265906918,42900.56589130115
2018-04-13,31143.900199299478,21520.48091781931,41921.30005096486
2018-04-14,26072.724191009816,15021.412594698102,36330.98704011125
2018-04-15,26922.13969751912,15578.862537745345,37275.681488139766
2018-04-16,33977.752168214385,23154.861036200335,44210.490018047065
2018-04-17,33404.74547711971,23199.050929302157,43630.20327940721
2018-04-18,32564.249831043107,21779.708327130043,43513.772037032235
2018-04-19,31738.224351312652,22265.834465139997,43074.095903400994
2018-04-20,31078.394359710073,20197.72460486757,41812.12922691547
2018-04-21,26007.21835142592,15455.65400844063,36039.338592127315
2018-04-22,26856.63385793333,16824.82904274467,37876.45283051482
2018-04-23,33912.24632862992,23360.429014221758,43897.1351805686
2018-04-24,33339.23963753272,22761.71591117558,43974.67171046304
2018-04-25,32498.743991456882,22104.189640858363,42878.216331228876
2018-04-26,31672.718511723837,20802.051376146836,42232.694887923695
2018-04-27,31012.88852012232,20754.635055129464,42058.2778031738
2018-04-28,25941.71251183063,15035.813369361951,36680.940517374955
2018-04-29,26777.199404118743,16626.258075199832,37203.71217754549
2018-04-30,33818.883260584415,22830.14093681257,44365.8830845685
2018-05-01,33231.94795526155,22620.1756892278,43889.64550231828
2018-05-02,32377.523694950585,21522.82285682689,42991.70423986804
2018-05-03,31537.569600992647,21052.013132170843,41623.61624878433
2018-05-04,30863.810995156517,21604.947143716312,41413.90821532652
2018-05-05,25778.706372639375,14954.427532490092,36578.505450654666
2018-05-06,26614.193264925463,16368.711709846764,37453.56594513144
2018-05-07,33655.87712138908,23298.868261364172,43886.525661142
2018-05-08,33068.941816070466,22118.377385003718,43245.80611879781
2018-05-09,32214.517555760714,21108.59721245009,42867.62716101323
2018-05-10,31374.56346180384,21424.817691943295,41738.94961963436
2018-05-11,30700.80485597942,20228.35197512368,40578.78312545758
2018-05-12,25615.70023344875,14376.482664178087,36602.49186816797
2018-05-13,26451.187125732948,16622.98688205579,37232.78209918767
2018-05-14,33492.87098220295,22875.290610982032,43900.507355293186
2018-05-15,32905.93567687715,22676.782326759607,43012.491694604396
2018-05-16,32051.511416569418,22099.98239758067,42448.534655496245
2018-05-17,31211.557322609693,20073.084282431202,42086.04391361196
2018-05-18,30537.7987167848,20135.19134189923,41215.324353142496
2018-05-19,25452.694094251805,14486.978070247813,35470.077828543835
2018-05-20,26288.18098655057,15403.999939820935,37626.491578785375
2018-05-21,33329.864843016825,22332.35869971342,43744.63725708987
2018-05-22,32742.92953769074,22409.65371870253,43566.06741532206
2018-05-23,31888.50527738154,21909.44062015766,42142.71625956491
2018-05-24,31048.551183424563,20200.06592670401,41383.33834805514
2018-05-25,30374.79257759019,19752.519324533634,40586.10289456967
2018-05-26,25289.68795506625,13926.64925339387,36007.61813975002
2018-05-27,26125.174847363127,15671.432949547001,36616.63027706642
2018-05-28,33166.85870381228,23432.811091730277,44665.993128810915
2018-05-29,32579.923398498533,21043.25373646844,42849.46662492531
2018-05-30,31725.499138191662,21697.925538976586,43119.350746652744
2018-05-31,30885.54504423207,20355.842510196355,41554.97959541394
2018-06-01,30211.786438395575,20281.728002903747,41673.07173851017
2018-06-02,25126.681815875636,13909.462891958896,36013.9862366863
2018-06-03,25962.16870816985,15492.781508225171,36127.43133051915
2018-06-04,33003.85256462616,22628.070992026485,43102.430394225266
2018-06-05,32416.917259306334,22264.00082235177,43903.647373711065
2018-06-06,31562.492998998943,20514.72454156903,42994.555722934914
2018-06-07,30722.538905043624,20826.666068910425,41227.357258387085
2018-06-08,30048.78029921492,19001.884224782683,40859.539325080266
2018-06-09,24963.67567668438,14023.302967512369,35141.51193667509
2018-06-10,25799.16256898747,14721.832398608987,36784.38753471874
2018-06-11,32840.846425436604,22611.613598402226,44112.80026131333
2018-06-12,32253.91112011413,22245.00699859141,42840.304826949294
2018-06-13,31399.486859811066,20937.309153923,41842.0881947382
2018-06-14,30559.532765851138,20134.427952674294,41517.98714858456
2018-06-15,29885.774160020304,18656.989542120664,39975.843587922114
2018-06-16,24800.66953749313,14675.738366717007,35317.50146731725
2018-06-17,25636.15642979496,14768.687563465815,35764.29408739508
2018-06-18,32677.840286244696,21587.381549634574,42943.23125987001
2018-06-19,32090.90498092772,21402.192910829508,42885.796082818604
2018-06-20,31236.480720619766,20357.89114589764,41070.64044906188
2018-06-21,30396.52662666233,20410.087911333976,39942.23384310169
2018-06-22,29722.768020830896,18998.984551184487,40835.20699907539
2018-06-23,24637.663398301876,13981.150914562812,35140.68376609014
2018-06-24,25473.15029058065,15142.584350705172,36992.72045852543
2018-06-25,32514.834147055142,21762.088543298873,42978.22223616036
2018-06-26,31927.898841735518,21865.39307571278,42567.40855334512
2018-06-27,31073.47458142847,20501.762797130224,41662.229187409335
2018-06-28,30233.520487473517,19796.325732000405,40801.7205602424
2018-06-29,29559.761881639835,18752.407308566988,40677.8107033289
2018-06-30,24474.657259111264,13464.668107678819,34286.35947853033
2018-07-01,25310.144151398268,14386.185424938303,35442.52998667292
2018-07-02,32351.82800786902,22210.558871111225,42891.16406086792
2018-07-03,31764.892702544428,21699.96272188797,41821.79639523068
2018-07-04,30910.468442237165,20354.431286607876,41005.88010303556
2018-07-05,30070.51434828305,19718.62440154789,40055.87923156439
2018-07-06,29396.755742450423,18377.48280773303,39785.506742930906
2018-07-07,24311.651119920007,14274.71093913525,35093.48141170655
2018-07-08,25147.138012215895,14503.696186308294,35279.61557962636
2018-07-09,32188.8218686829,21718.77395639099,41850.17097425597
2018-07-10,31601.886563355798,20810.51385766181,41623.10741448675
2018-07-11,30747.462303049862,20845.594141684312,41543.44484884288
2018-07-12,29907.508209090563,19684.49483411885,40691.04722446643
2018-07-13,29233.74960325581,18813.570369467652,38777.42347085126
2018-07-14,24148.644980723053,13866.183404034371,34190.71503108589
2018-07-15,24984.131873017548,15006.710927091035,34978.26861654463
2018-07-16,32025.81572948756,20716.044602729664,42707.39169073887
2018-07-17,31438.880424164705,20357.45143811382,41592.41335167949
2018-07-18,30584.456163858562,20061.819001946318,41442.942778118224
2018-07-19,29744.502069898073,19141.84858541168,40216.03802857343
2018-07-20,29070.743464061197,18497.116374628098,39343.93390083601
2018-07-21,23985.63884155587,13052.892011545522,34878.68702721766
2018-07-22,24821.125733830104,14102.69774332782,35044.84719648505
2018-07-23,31862.80959029801,21358.60115652595,42776.42990036518
2018-07-24,31275.874284972502,21681.525393083262,42022.69613797495
2018-07-25,30421.450024668688,19426.060717908196,40434.26135679379
2018-07-26,29581.495930707602,18798.99834494093,40428.28382298611
2018-07-27,28907.73732487534,18284.907882435546,39623.89233439823
2018-07-28,23822.632702358915,13772.530524790054,34701.844179463296
2018-07-29,24658.119594642656,13853.188780998624,35442.70633038784
2018-07-30,31699.803451108455,20727.272541133687,42273.046494680726
2018-07-31,31112.868145780296,20355.705571970142,42528.99001110144
2018-08-01,30258.44388547796,20067.631209798492,40670.54039919267
2018-08-02,29418.489791518794,18309.230151163494,40191.71553329839
2018-08-03,28744.73118568593,18411.275514422436,38871.000653255905
2018-08-04,23659.62656316767,13958.299745671962,34293.29607234685
2018-08-05,24495.113455460283,14267.430831820064,35523.867857945304
2018-08-06,31536.797311913117,20603.528686643884,41569.65471833308
2018-08-07,30949.862006597457,20819.99936800664,40641.96103522697
2018-08-08,30095.437746288084,19775.109249300665,41035.25743745481
2018-08-09,29255.48365232998,19070.43422892704,39187.87414105982
2018-08-10,28581.72504649652,18211.177501556005,38677.07535790597
2018-08-11,23496.620423977045,13626.686004633177,33894.33617387656
2018-08-12,24332.107316256872,14143.15597595955,34760.526385246136
2018-08-13,31373.791172726997,20412.696117544525,41918.38853800789
2018-08-14,30786.85586740526,20550.741395937555,40840.74122579365
2018-08-15,29932.43160709679,19412.321268622778,40391.820382799015
2018-08-16,29092.47751313749,19204.305843163736,39403.87151908373
2018-08-17,28418.718907310657,17855.468097084835,39149.00797701348
2018-08-18,23333.614284785792,13067.718355286408,33703.54592304836
2018-08-19,24169.101177074488,14762.158543777983,34581.1518613455
2018-08-20,31210.785033540873,20539.899291716123,41248.369648753986
2018-08-21,30623.849728213052,20505.801944082526,40451.54266088884
2018-08-22,29769.42546790891,19246.71902957119,39590.006034828766
2018-08-23,28929.471373950706,17261.168837957768,39321.13613690187
2018-08-24,28255.71276811439,17494.91067443981,38446.66920379703
2018-08-25,23170.608145594542,12128.63796837971,34639.87629578324
2018-08-26,24006.095037887044,13552.13223887594,34134.41169748287
2018-08-27,31047.77889435132,19986.811637441,40825.4772102407
2018-08-28,30460.84358902664,19859.138046955235,40886.82727901898
2018-08-29,29606.41932871761,19895.908806458,40036.73887940648
2018-08-30,28766.465234758216,18683.605510325422,39516.46105115607
2018-08-31,28092.706628924985,17028.389592486663,38606.37263389033
2018-09-01,23007.60200640329,12693.903180266381,32612.12592953701
2018-09-02,23843.088898693764,13194.122911989516,34669.24048846171
2018-09-03,30884.772755150203,20899.46447652848,42379.99496584234
2018-09-04,30297.83744983333,19544.106358789326,40543.231032788004
2018-09-05,29443.41318952631,19029.584231470457,39630.03975493284
2018-09-06,28603.459095569404,17326.088091538928,39558.217777517966
2018-09-07,27929.700489744333,16226.163644681787,38422.046582874296
2018-09-08,22844.595867212673,12391.196596308813,33666.75683550545
2018-09-09,23680.082759506324,13783.716427346943,34427.83008593601
2018-09-10,30721.76661596065,20527.24294086811,41345.07862476941
2018-09-11,30134.831310642243,19716.89421416104,40039.2119196984
2018-09-12,29280.407050335012,18484.963265347887,39709.88787933435
2018-09-13,28440.452956375255,18126.73027619999,39402.316791112986
2018-09-14,27766.694350549715,17192.341875444115,38603.255367032354
2018-09-15,22681.58972802712,11804.902264446328,33134.75645589116
2018-09-16,23517.076620318876,12318.420270629764,34333.47757324557
2018-09-17,30558.760476777956,19314.8872633433,40761.17504404044
2018-09-18,29971.825171455825,19148.641436635487,40447.19961408468
2018-09-19,29117.40091114714,18388.755137067026,40447.324501639254
2018-09-20,28277.446817188476,17584.226638985114,38845.870657514606
2018-09-21,27603.68821136031,16376.803049981865,37646.684399298116
2018-09-22,22518.583588830166,11796.190593120868,33246.1119091646
2018-09-23,23354.070481131428,11737.422410795292,33914.71664580756
2018-09-24,30395.754337579187,20057.971080749485,40906.81977246453
2018-09-25,29808.819032263622,18394.038520814283,40657.93059378645
2018-09-26,28954.394771954412,19129.47390140868,39633.11975054394
2018-09-27,28114.44067799966,18751.997300912586,39387.872061995404
2018-09-28,27440.68207216049,17098.289281531594,38689.44361285391
2018-09-29,22355.577449639546,12019.479075925958,31866.24287298161
2018-09-30,23191.064341938156,12427.548419536937,33552.34095885376
2018-10-01,30232.748198393063,19819.844680769143,40776.729978335024
2018-10-02,29645.812893072532,19316.384932054298,40204.36275496672
2018-10-03,28791.388632764538,18490.337598127528,39130.331214434416
2018-10-04,27951.434538809197,17619.23531041882,38376.206933889494
2018-10-05,27277.675932979837,15414.891916598219,37572.782372572896
2018-10-06,22192.5713104483,11461.7045193478,32244.998621687064
2018-10-07,23028.05820273475,12534.02515522008,34502.28587752958
2018-10-08,30069.74205920694,19365.384756601314,40728.93881030355
2018-10-09,29482.806753879213,18857.016215590702,40787.83857331708
2018-10-10,28628.382493576657,18222.06715342356,39357.2193087862
2018-10-11,27788.428399616703,16996.754681335413,38008.54575752102
2018-10-12,27114.669793785222,17219.943994360983,37843.65472751482
2018-10-13,22029.565171251346,11464.297048473878,32234.799693318753
2018-10-14,22865.052063552368,11532.452041041055,33077.72527002754
2018-10-15,29906.735920011608,19098.59880614642,40819.11554325289
2018-10-16,29319.80061469281,18736.962381299483,40370.0519382836
2018-10-17,28465.37635438593,18239.501496889265,38543.81853820938
2018-10-18,27625.422260427888,17014.31626662092,38655.54302878136
2018-10-19,26951.663654590604,16877.868515669506,37306.015211705555
2018-10-20,21866.559032065794,11813.333741138018,31809.377810717175
2018-10-21,22702.045924348957,12760.240359949088,33727.01926632388
2018-10-22,29743.729780822054,18763.75690101135,40256.118856356254
2018-10-23,29156.794475500606,18646.848158710065,39623.063474778435
2018-10-24,28302.37021519606,18082.07406358873,38986.866470269015
2018-10-25,27462.4161212354,17448.50480288281,36977.01524792238
2018-10-26,26788.65751540475,15736.977119009527,37453.072304178044
2018-10-27,21703.552892875174,11423.08165604667,32904.706579798185
2018-10-28,22539.039785166577,12469.04154936754,32739.41519259688
2018-10-29,29580.72364163593,19235.160059052825,40202.00965215473
2018-10-30,28993.7883363084,17321.97379591049,39125.995004380915
2018-10-31,28139.364076005328,18958.9218309516,39527.942060904155
2018-11-01,27299.409982048615,17353.61123967164,38296.88267102404
2018-11-02,26625.65137621534,16108.864934262336,37001.458109149986
2018-11-03,21540.546753695955,11220.66434117366,31820.58607844018
2018-11-04,22376.033645984196,11759.183743105646,32311.910428593143
2018-11-05,29417.717502446372,19253.52242442963,39264.81527549064
2018-11-06,28830.782197120883,17677.20443884316,39357.87978902822
2018-11-07,27976.357936815453,16691.535334603177,38532.55200598711
2018-11-08,27136.403842856125,16743.39898505453,38353.82102693979
2018-11-09,26462.645237020726,15831.383603102691,37667.16413749381
2018-11-10,21377.540614499005,11005.852573857226,31512.20850844831
2018-11-11,22213.027506780785,12491.52691501647,33013.23521251551
2018-11-12,29254.711363254468,18179.630596845975,39351.70992331521
2018-11-13,28667.776057929786,18983.22185784418,40226.19585688146
2018-11-14,27813.351797624156,17259.926425082733,38343.97024462825
2018-11-15,26973.39770366363,16109.458155938471,37968.75642261535
2018-11-16,26299.639097831314,15567.197690846548,36392.08536067394
2018-11-17,21214.534475314085,10751.145480620577,31638.53913642385
2018-11-18,22050.021367598412,11641.628955434127,33570.53041108212
2018-11-19,29091.70522406492,17919.02053502407,39108.627080688144
2018-11-20,28504.769918741156,17875.342428890424,38902.86281296778
2018-11-21,27650.345658434286,17361.427609171602,38218.93256786497
2018-11-22,26810.39156447685,15835.644510804628,36930.026335956834
2018-11-23,26136.632958640253,15490.623009728519,35597.519237222936
2018-11-24,21051.528336122836,11212.001335163259,31198.06500628449
2018-11-25,21887.01522841096,11338.474350537625,33306.47821860622
2018-11-26,28928.699084875363,18456.123970610835,39414.69355256422
2018-11-27,28341.76377955475,17706.36215955538,38935.92704307698
2018-11-28,27487.339519244975,16805.62279889681,38495.54147911166
2018-11-29,26647.385425284356,16138.918223284258,37586.06727968403
2018-11-30,25973.62681945439,15357.379698708437,36070.77680962893
2018-12-01,20888.522196931583,10342.466369764541,31549.08104430227
2018-12-02,21724.009089228588,11373.01902837111,32626.42970442066
2018-12-03,28765.69294568346,18228.55203979495,39265.446551087116
2018-12-04,28178.757640361437,17285.65345772247,38836.10838853631
2018-12-05,27324.333380053682,16856.701344180823,38052.723833125936
2018-12-06,26484.379286095544,15072.87985067267,36830.18939837658
2018-12-07,25810.620680259777,15136.740336698196,35724.59522035399
2018-12-08,20725.516057740962,9365.457326048021,31266.223100075407
2018-12-09,21561.00295003024,10562.774863618795,32929.522496169586
2018-12-10,28602.686806493904,18306.9798814503,39021.23799865379
2018-12-11,28015.751501170344,16848.51781355502,38762.66857726189
2018-12-12,27161.32724086238,16941.9476176004,37557.153409450126
2018-12-13,26321.373146903057,15570.323454752626,36525.74341770473
2018-12-14,25647.61454107913,14827.406372878806,35593.892369965004
2018-12-15,20562.50991855541,10236.111524761744,31254.428487956156
2018-12-16,21397.9968108428,10426.098871924776,32622.20742566106
2018-12-17,28439.680667302004,17620.41473330737,38977.53953191531
2018-12-18,27852.745361978137,17898.98747351883,38431.4170776022
2018-12-19,26998.321101674504,16650.644527779277,38205.50319983228
2018-12-20,26158.36700771259,16639.952982886614,36822.9367926876
2018-12-21,25484.608401889716,14546.723616504987,35689.90368082076
2018-12-22,20399.503779358456,9325.474890605446,31153.841471133226
2018-12-23,21234.990671655352,10649.546531295377,31693.607441206303
2018-12-24,28276.674528103234,18526.287766022095,39276.83913449895
2018-12-25,27689.739222791733,17430.554140594762,38028.259757454216
2018-12-26,26835.31496248178,16660.750592171054,37391.1672007679
2018-12-27,25995.36086852378,15001.234640037384,36413.32763969897
2018-12-28,25321.6022626899,14766.810147961989,35497.85050730867
2018-12-29,20236.497640167203,9339.6776846362,31227.52329854017
2018-12-30,21071.984532462073,11005.892201462299,31208.505740534958
2018-12-31,28113.668388917107,17661.804745073474,38310.819298440176
2019-01-01,27526.73308360064,17748.422106488906,37434.06955235416
2019-01-02,26672.308823291907,16735.227277475173,36024.54991470541
2019-01-03,25832.354729336992,14626.11012023595,36729.38168434146
2019-01-04,25158.596123509244,14635.561864557154,36118.84582732106
2019-01-05,20073.49150097659,9391.788395829626,30735.528669315507
2019-01-06,20908.978393269565,10824.66813334877,31622.486988081862
2019-01-07,27950.662249730984,18134.993100524658,39018.655680522024
2019-01-08,27363.726944407324,16357.804779898066,37859.75684874926
2019-01-09,26509.302684100614,15351.692478983929,37096.917910585384
2019-01-10,25669.348590142847,15749.839290065089,36357.4869086301
2019-01-11,24995.589984314633,14871.050543114485,35993.750338747035
2019-01-12,19910.485361779636,9701.006605727745,30085.708768267694
2019-01-13,20745.972254076285,10496.68202711513,30931.066161473518
2019-01-14,27787.65611054486,17269.402554793574,40005.06925941655
2019-01-15,27200.720805220913,16078.609267676882,38161.30321294988
2019-01-16,26346.29654491273,15538.346869972398,36821.30999627308
2019-01-17,25506.34245095404,14544.346524610548,35832.26131722355
2019-01-18,24832.583845120018,14622.585901106753,35820.00812968743
2019-01-19,19747.479222594084,8883.727137296275,30755.065791519977
2019-01-20,20582.966114872877,9931.302030468978,31471.942848567203
2019-01-21,27624.649971346098,17069.777700202478,38664.56895719863
2019-01-22,27037.714666028714,16701.479240399585,37390.11013413839
2019-01-23,26183.290405722855,16133.526266340756,35986.35488208551
2019-01-24,25343.33631176154,14227.558471747021,35885.11447816346
2019-01-25,24669.577705925403,13453.134236767619,35054.188921988716
2019-01-26,19584.473083403467,9008.415353458577,30239.16953336299
2019-01-27,20419.959975690497,9099.828652716616,30312.50876349647
2019-01-28,27461.643832159974,17331.062501674296,37927.889557536255
2019-01-29,26874.70852683651,17156.90995919425,36711.76636400713
2019-01-30,26020.284266530703,15390.8226710997,37031.787784398744
2019-01-31,25180.33017257476,14909.803900358456,36449.14642834216
2019-02-01,24506.57156674475,13092.377885181535,34264.931906669655
2019-02-02,19421.466944212214,8625.00001542527,30096.58172018377
2019-02-03,20256.953836503053,10110.05798136749,30788.302090487996
2019-02-04,27298.637692970417,16559.975915365132,37943.049421103846
2019-02-05,26711.702387644305,15920.765737706111,36564.44126113217
2019-02-06,25857.2781273414,15190.544961780472,36452.28628251881
2019-02-07,25017.324033382265,13482.516277852892,35593.346134550105
2019-02-08,24343.565427550133,13824.510877179911,34784.897421998074
2019-02-09,19258.46080502096,8828.387921859787,29608.59913322568
2019-02-10,20093.947697315605,9840.856906068822,30608.73760361939
2019-02-11,27135.631553778516,16043.615496103042,37562.49936242024
2019-02-12,26548.6962484579,15892.90380585233,36103.644934250806
2019-02-13,25694.271988151526,14544.863091659381,37032.38069686874
2019-02-14,24854.31789419346,14621.567395310509,34662.598981713556
2019-02-15,24180.559288360728,14330.809117326544,34436.056589739586
2019-02-16,19095.45466584237,8709.403782566504,30319.722738117984
2019-02-17,19930.941558117258,9014.665358714019,30228.888103230707
2019-02-18,26972.62541458896,16377.57390590824,38599.177774295094
2019-02-19,26385.690109265695,15576.79313296413,36987.674723213
2019-02-20,25531.265848961655,15566.542970810991,35825.71008315781
2019-02-21,24691.311755004648,14372.99178949888,34665.21379153943
2019-02-22,24017.55314916966,12690.445578300234,34404.644218235415
2019-02-23,18932.448526651122,8564.827705740701,29065.8439702132
2019-02-24,19767.935418934885,9735.204522151294,29869.91641424024
2019-02-25,26809.619275402838,15937.760690880517,37782.45419292337
2019-02-26,26222.68397007461,15520.822125028919,36595.901585417676
2019-02-27,25368.25970977235,15090.732940177888,37157.89539773974
2019-02-28,24528.30561581418,14039.655234406813,34935.07234485091
2019-03-01,23854.547009980255,12656.147782828177,35829.95830236418
2019-03-02,18769.44238745987,7423.975995030381,29341.104486906144
2019-03-03,19604.929279752505,7999.869272227362,30688.279939843444
2019-03-04,26646.613136216714,15498.059689675538,37291.49599960199
2019-03-05,26059.677830889537,16169.630150022462,36245.52840921671
2019-03-06,25205.25357058105,14726.525109324637,36246.62111650488
2019-03-07,24365.29947662169,14586.99781070661,34759.33328101973
2019-03-08,23691.54087078564,13478.061855289767,34975.083989492356
2019-03-09,18606.436248262922,7906.065639391045,30016.394642030093
2019-03-10,19441.923140554165,8954.981840643579,29416.353318203845
2019-03-11,26483.60699702138,16188.892562268,37080.255952487794
2019-03-12,25896.67169169845,13923.6904947102,36493.82777143309
2019-03-13,25042.24743138975,14639.923350697003,35412.654534735266
2019-03-14,24202.293337429197,13681.10709880044,35086.962156115296
2019-03-15,23528.53473160854,12843.774458937816,34040.071298416726
2019-03-16,18443.430109083696,6820.8249384064075,29171.602177545818
2019-03-17,19278.917001366717,7975.8372645797535,29605.665184933277
2019-03-18,26320.600857831825,15873.015645214933,36105.78760573289
2019-03-19,25733.665552506245,15168.985551040416,36872.41707250681
2019-03-20,24879.241292199877,14189.492212519648,36213.59184552422
2019-03-21,24039.287198238733,13200.859630233508,34644.33490595562
2019-03-22,23365.528592413924,12716.711774117055,33378.85453676182
2019-03-23,18280.423969886753,7691.5738517460395,28546.01650631637
2019-03-24,19115.910862179273,8444.479169535798,29540.10807975778
2019-03-25,26157.59471864227,15913.850081103616,36711.83112417299
2019-03-26,25570.659413319838,14426.064905625635,36617.7193158028
2019-03-27,24716.23515300915,13872.001058166057,35174.08069117217
2019-03-28,23876.281059049918,13545.840577112647,34153.0587734537
2019-03-29,23202.522453219306,12848.755575944684,33467.21453733441
2019-03-30,18117.4178306955,6634.702061187479,29451.270390495374
2019-03-31,18952.904722996893,7995.459378550126,28910.778052341087
2019-04-01,25994.588579441155,15802.940017773268,37711.144732373556
2019-04-02,25407.65327412764,15336.014599152582,36213.220413830415
2019-04-03,24553.229013819277,14050.055912132813,35152.25534776765
2019-04-04,23713.274919861113,12612.031043060755,34474.73407456779
2019-04-05,23039.516314024695,12347.580531660135,33636.68992032747
2019-04-06,17954.411691504873,7434.672397093412,28219.58361365342
2019-04-07,18789.89858379348,7655.487465416654,28906.41290398627
2019-04-08,25831.58244025846,15801.084889292837,37211.320764091695
2019-04-09,25244.647134935432,14136.521910456317,35964.242855871664
2019-04-10,24390.22287462798,13771.817983115949,35528.3830633746
2019-04-11,23550.26878066862,12505.207216084698,34043.74126345274
2019-04-12,22876.510174844043,12291.91981265732,33062.88032323005
2019-04-13,17791.405552313627,6054.809806073264,28963.123865402744
2019-04-14,18626.8924446111,8062.863620491151,29891.37470111805
2019-04-15,25668.576301068908,15360.855484372465,36921.51001934291
2019-04-16,25081.640995743233,13390.770269947563,36515.208082704
2019-04-17,24227.216735440103,12611.04716230582,35108.92833050764
2019-04-18,23387.26264148018,12467.76459103969,34415.98607951939
2019-04-19,22713.504035644222,12082.33780000031,33067.38725358585
2019-04-20,17628.399413122374,6299.273236924669,27999.25410833185
2019-04-21,18463.886305423657,7457.84330035841,29885.93495134655
2019-04-22,25505.570161870142,14417.740361126467,36653.28361332764
2019-04-23,24918.63485655682,13687.967969895783,35598.170780617824
2019-04-24,24064.210596248802,12669.263682697576,34585.800084612376
2019-04-25,23224.25650228769,12342.748428418887,34038.24358892432
2019-04-26,22550.497896454814,12075.638594211041,33102.31295262224
2019-04-27,17465.393273931128,6505.722178122225,28595.274384173685
2019-04-28,18300.880166214418,7201.737122597214,29655.044556180314
2019-04-29,25342.56402268402,13801.413213654268,37015.23284428167
2019-04-30,24755.628717363503,14196.015239198803,35502.726086741546
2019-05-01,23901.2044570575,13029.282902189354,34414.327932763554
2019-05-02,23061.250363102557,12180.759261482337,33532.11015311286
2019-05-03,22387.49175727416,11874.685458393495,33214.82925232249
2019-05-04,17302.3871347405,6729.980611894018,27466.003076596713
2019-05-05,18137.87402702697,7834.545040587099,29176.35668665312
2019-05-06,25179.557883494468,13865.982528666402,35896.631168243934
2019-05-07,24592.622578172413,14016.797234529615,35920.10829612032
2019-05-08,23738.198317866205,12418.428659981826,34297.63855539552
2019-05-09,22898.244223908416,12006.247673109056,34584.98717954114
2019-05-10,22224.485618079547,11880.175733593862,32965.57412051276
2019-05-11,17139.380995554955,5436.2766140043705,28190.201054952075
2019-05-12,17974.86788783953,7501.2035655708305,28529.095137385444
2019-05-13,25016.551744311768,13698.298473960349,35782.44778563327
2019-05-14,24429.616438986002,13021.211501226702,35946.66634982694
2019-05-15,23575.192178678895,13262.88664221925,35308.467367227764
2019-05-16,22735.238084719596,11179.994153784079,34216.44329599756
2019-05-17,22061.479478890138,11331.137645976378,34244.55129336406
2019-05-18,16976.374856358,5592.2945519317045,27439.145344944653
2019-05-19,17811.861748641182,6781.037752910897,29670.691124313053
2019-05-20,24853.545605113006,13729.961650442583,35602.41021430892
2019-05-21,24266.6102997938,12931.677543969032,35099.228764336054
2019-05-22,23412.1860394876,12752.74140341668,34740.42454008336
2019-05-23,22572.23194553079,10915.087203719535,33763.67789411321
2019-05-24,21898.47333969031,10597.400197846855,32578.03874238409
2019-05-25,16813.368717167385,5933.826294811919,27608.391477479356
2019-05-26,17648.855609458802,6427.540294952414,29059.406563936634
2019-05-27,24690.539465926882,13778.871101146437,36235.23969987239
2019-05-28,24103.60416060271,13583.894082130964,34729.46634600201
2019-05-29,23249.179900297724,12037.114188873897,33920.72223063369
2019-05-30,22409.22580634032,10934.740886729202,33215.51651691418
2019-05-31,21735.467200509665,10862.715162568395,32205.263891131537
2019-06-01,16650.362577988162,5368.758464170834,27196.118131891126
2019-06-02,17485.849470271358,5479.243242301496,28018.803614690758
2019-06-03,24527.533326740762,13712.850972559872,35275.79795913157
2019-06-04,23940.5980214094,12349.746886297586,35746.16940665627
2019-06-05,23086.173761107,12951.927678072581,34157.83800416699
2019-06-06,22246.21966714783,11076.43053810617,33719.17591017022
2019-06-07,21572.46106131505,9873.27834335235,32855.614021847316
2019-06-08,16487.356438791205,5662.095116663625,27840.261261692187
2019-06-09,17322.843331088978,6434.384554054127,29007.274564317384
2019-06-10,24364.527187545424,13444.34576218184,35406.83343775778
2019-06-11,23777.59188222656,13277.747900315951,34990.19604651539
2019-06-12,22923.167621917124,10859.878719932087,34404.9312929135
2019-06-13,22083.213527959022,11941.022676238954,33240.129703943596
2019-06-14,21409.454922120436,10556.35390068386,32275.855917980614
2019-06-15,16324.350299611993,5373.532042542989,27547.320356255244
2019-06-16,17159.83719188557,5995.391532749771,28274.27645136285
2019-06-17,24201.52104835587,13053.489190987668,35147.96740570326
2019-06-18,23614.585743034357,11313.924879147527,33879.10836523978
2019-06-19,22760.161482727246,11285.446631525825,34033.49725487795
2019-06-20,21920.207388766532,10585.290119032017,33453.37438662061
2019-06-21,21246.448782934578,10422.963264996724,32299.41490105811
2019-06-22,16161.344160415038,5496.835729881175,27709.164450242817
2019-06-23,16996.83105270319,5399.888551791557,28135.769889754723
2019-06-24,24038.514909169746,12917.712401820148,35662.46041054939
2019-06-25,23451.57960384326,11980.745848030836,33994.556535835225
2019-06-26,22597.155343536524,11009.47919822895,33797.34387261188
2019-06-27,21757.20124957975,10963.975745216812,32478.47325674262
2019-06-28,21083.44264374872,9248.867133764028,32123.646833700695
2019-06-29,15998.338021223792,4670.381747103043,27046.30495319361
2019-06-30,16833.82491352081,5163.9939996313315,27954.34212380544
2019-07-01,23875.508769980188,12658.204636103219,35364.930120042096
2019-07-02,23288.57346465574,12722.594349163768,35032.35173575325
2019-07-03,22434.149204346642,11356.25386192325,33381.09129915146
2019-07-04,21594.195110387256,10624.043673322112,32022.28538696583
2019-07-05,20920.436504554105,9518.888772192426,31198.649035903774
2019-07-06,15835.331882026836,4667.159410172677,27317.668656857753
2019-07-07,16670.818774317402,5315.822779373207,28410.797872700183
2019-07-08,23712.502630788287,12147.148014802122,34254.50908326733
2019-07-09,23125.56732546354,12142.96450133557,33866.984736518505
2019-07-10,22271.14306515535,10814.686286913677,32961.6007740343
2019-07-11,21431.188971194766,9578.871588179314,32762.69499812267
2019-07-12,20757.430365373453,9726.490908865053,32363.746393059373
2019-07-13,15672.325742841917,4498.908468152673,26569.424546015776
2019-07-14,16507.812635135022,5032.002280480334,28129.695550766188
2019-07-15,23549.496491592952,13123.576891403805,34877.5602250521
2019-07-16,22962.561186271334,11625.942973477733,34202.33425721428
2019-07-17,22108.136925965475,11327.879346532696,33104.00555634472
2019-07-18,21268.182832007977,9551.282087106898,31674.55004654859
2019-07-19,20594.424226173633,9466.126483326974,32267.288101893857
2019-07-20,15509.319603650665,3670.5662843450755,26577.45529277499
2019-07-21,16344.80649594758,4932.068562667229,27619.87475088425
2019-07-22,23386.49035240683,11812.858394368099,34815.34890567421
2019-07-23,22799.555047084927,11305.07987908472,34651.16811744907
2019-07-24,21945.13078677617,10300.83814207745,33079.61963962875
2019-07-25,21105.17669281383,10090.899268921688,31868.14018882375
2019-07-26,20431.41808698422,9051.189570602253,31466.218134223735
2019-07-27,15346.31346445941,4439.269531914314,26778.727503312944
2019-07-28,16181.800356765201,5221.952318031613,26066.855383761438
2019-07-29,23223.484213208063,11497.248788129147,34129.88758284176
2019-07-30,22636.54890789161,11339.297445080769,34173.11910441062
2019-07-31,21782.124647584875,10278.865355089232,33608.4348627518
2019-08-01,20942.1705536287,9467.431538397792,32697.474700315863
2019-08-02,20268.41194778961,8450.957809827403,31249.995113190074
2019-08-03,15183.307325268794,4037.637343592896,26240.032073639723
2019-08-04,16018.794217566854,4437.8663570350445,28435.664851824982
2019-08-05,23060.478074018512,12165.90613597625,33917.09174091087
2019-08-06,22473.542768700525,11344.484213104999,32421.932908103394
2019-08-07,21619.118508393574,9661.276882517504,33083.082444302105
2019-08-08,20779.164414434556,8780.854524214226,31823.165095206055
2019-08-09,20105.405808608957,9452.190054681869,31424.71931988254
2019-08-10,15020.301186083241,3505.768361148995,25857.218877794156
2019-08-11,15855.788078363445,5454.21999516646,27797.146016271683
2019-08-12,22897.471934835816,11723.980403076148,34721.048728302
2019-08-13,22310.536629508322,11261.409446665615,34717.48196846586
2019-08-14,21456.112369205697,9465.645527216811,33838.29929531818
2019-08-15,20616.158275245743,8575.258159685061,32281.451814715907
2019-08-16,19942.39966941955,8313.000876904682,31954.939882556737
2019-08-17,14857.295046886293,3410.7707928155037,26847.387159417394
2019-08-18,15692.781939175995,4178.096828263872,26949.971607007286
2019-08-19,22734.46579563705,11434.684369953902,34526.50703303779
2019-08-20,22147.530490321908,10508.400185488646,33669.33077370256
2019-08-21,21293.10623001297,9726.944756754627,33153.79276591814
2019-08-22,20453.152136056935,8792.39242634552,31713.13058337401
2019-08-23,19779.393530219728,7984.440872780434,31207.654004519296
2019-08-24,14694.28890769504,1912.074469708241,26465.50981896867
2019-08-25,15529.775799982723,4691.113149914549,26655.02882833708
2019-08-26,22571.45965645093,10852.26669655307,34471.98396889707
2019-08-27,21984.524351130818,10728.75765697634,34187.66253904989
2019-08-28,21130.100090825094,9630.33127686973,32307.11228828961
2019-08-29,20290.145996868123,9168.076422972186,32237.65899071899
